rut,nombre,edad
65238271-1,Willie Dotson,57
34864642-7,Vikki Bradshaw,47
31113786-7,Amar Gough,32
51242629-8,Nicolle Marshall,35
73453102-2,Jad Woodcock,44
33016426-3,Ibraheem Gamble,45
28012525-3,Eleanor Acevedo,30
95520055-1,Romilly Becker,24
95226644-6,Cataleya Beard,22
86103635-9,Violet Mccray,34
51153844-0,Sami Suarez,59
12033288-0,Taliyah Cope,43
54982068-9,Kylo Hume,29
66646618-7,Ilyas Randall,43
26905798-k,Finnian Larson,43
66258468-1,Kaelan Greenwood,55
21666289-k,Eren Sargent,35
20335324-3,Caprice Mejia,54
77477421-1,Lianne Mccoy,21
15298663-7,Reagan Schofield,33
80291272-2,Arjan Mcdermott,26
79195789-3,Elysia Huerta,28
23748548-3,Harri Burrows,24
52189199-8,Xavier Stuart,42
18167947-6,Oliver Huff,47
79735673-5,Thea Whiteley,49
66954467-7,Poppy Hartman,50
79693636-3,Aditya Vance,33
28630079-0,Leja Reeves,46
44867899-7,Elliot English,50
14761964-2,Georgina Sargent,46
77625718-4,Shana Feeney,40
93900888-8,Lilianna Maxwell,50
88132030-4,Leonie Schofield,42
87649058-7,Cole Nairn,60
46025545-7,Eren Eastwood,28
66119831-1,Ariella Werner,28
56119224-3,Nancy Blake,20
36030482-5,Ashlee Alston,25
65573855-k,Angharad Hatfield,55
81600879-4,Vinny Vazquez,21
44253237-0,Taylan Wilks,23
45026478-4,Rhea Gale,55
48425773-6,Lea Atkins,51
66920820-0,Phebe Paterson,45
93057304-3,Issac York,48
75576764-6,Eshaal Searle,47
33904341-8,Hope Serrano,26
87631642-0,Clement Johns,42
48679409-7,Emeli Handley,56
11087572-k,Charlene Lambert,19
59814228-9,Gerrard Quintana,57
88772168-8,Hunter Solomon,24
15333675-k,Thierry Shaw,21
73352137-6,Hilda Brett,48
54230570-3,Lexi-Mai Haigh,44
40350724-5,Laylah Grey,46
47329036-7,Nabeel Barry,29
48925896-k,Mysha Weston,53
49604231-k,Traci Brookes,35
81492646-k,Kenny Gaines,23
79425659-4,Nusaybah Fitzgerald,44
46080300-4,Jerry Delaney,28
92311983-3,Ophelia O'Doherty,21
55956975-5,Rickie Maguire,50
72070561-3,Jena Field,20
67391164-1,Gia Elliott,46
39473167-6,Josh Pittman,25
49860637-7,Sahil Davison,44
48040287-1,Jane Fernandez,28
95932617-7,Sade Slater,48
75270010-9,Safia Potts,22
32690774-k,Awais Vasquez,18
30862862-0,Sayed Edwards,43
96557795-5,Michele Corbett,23
42621036-3,River Branch,40
23713134-7,Poppie Vang,54
45276568-3,Haydn Dillard,52
46680387-1,Ruby-May Bowden,39
47738259-2,Zach Hinton,59
70624789-0,Brittney Le,42
65884381-8,Liam Ferreira,19
63360085-6,Thiago Busby,33
92554015-3,Luciano Sheldon,55
75523496-6,Miranda Crouch,50
23000993-7,Alan Bonner,37
36625090-5,Dina Herman,22
33402225-0,Usman Lara,18
47067447-4,Kacper Glenn,42
52916249-9,Tehya Galvan,28
76871405-3,Abigail Coulson,34
27650119-4,Iqra Thorne,51
29858450-6,Nicole Holland,32
66199185-2,Roman Thomas,25
81698647-8,Dalton Colon,38
36259502-9,Dora Noble,48
44126502-6,Maciej Romero,25
46012714-9,Huma Phelps,55
72810804-5,Jobe Campos,54
51317447-0,Otto Guest,55
34424260-7,Dominika Mack,21
66336340-9,Huw Atherton,46
70156418-9,Hussein Hobbs,27
71591727-0,Jakub Huang,50
20297901-7,Nikkita Dodson,33
40403791-9,Kodi Higgins,30
26257768-6,Jadine Gould,26
49036882-5,Danyl Henry,42
51755919-9,Isaak Esparza,41
75653640-0,Saanvi Bernard,38
99265623-9,Fenella Galvan,25
13463271-2,Mollie Fraser,35
10959343-5,Zayaan Morrison,22
95667888-9,Ottilie Vega,21
50270274-2,Janet Delarosa,60
86664654-6,Abubakar Gentry,41
43630930-9,Richie Petty,28
56425505-k,Rabia Pugh,57
23298212-8,Ruby-Leigh Gallagher,22
87991170-2,Garrett Owen,50
42168093-0,Pharrell Franklin,55
31706054-8,Khushi Mayo,40
96007294-4,Sohail Huerta,23
90870389-8,Dorothy Barclay,39
92170041-5,Dollie Rivers,45
77814675-4,Brenda Duncan,35
50453382-4,Mysha Storey,48
64272663-3,Inigo Castro,32
92445451-2,Anastazja Mcdaniel,20
58557550-k,Keenan Ryan,31
22145359-k,Lucille Wilkerson,39
20843742-9,Libbie Jimenez,24
87081187-k,Ewan Chadwick,40
83603309-4,Giacomo Parsons,34
88806288-2,Kiri Fitzpatrick,54
58945079-5,Harvie Forbes,23
35685353-9,Shawn Brock,41
94422835-7,Shivani Long,33
53523140-0,Tevin Rosas,39
45024924-6,Ella-Louise Tillman,53
34566442-4,Una Kramer,57
40424433-7,Trent Delacruz,34
53211068-8,Connor Prosser,35
10544563-6,Aman Nixon,48
31642814-2,Gracie-Mae Gilbert,43
75153238-5,Malaikah Burn,29
18665525-7,Jameson Valdez,23
99075946-4,Aleena Parra,45
85297873-2,Kimberley Frost,55
18812547-6,Elina Lake,56
35288330-1,Ashlea Alexander,20
23298314-0,Dotty Lees,35
38830395-6,Tyriq Whitmore,58
99875339-2,Liliana Leal,18
73342699-3,Lester Beard,60
78331019-8,Carson Edmonds,52
69698793-9,Eamon Conway,53
23526948-1,Bevan Pineda,35
81498697-7,Fredrick Esparza,51
41581842-4,Shivam Frey,56
48795285-0,Zainab James,30
56499633-5,Dottie Chase,37
10165029-4,Keane Hoover,54
76413818-k,Grady Esquivel,50
64879120-8,Nazia Quintero,18
77209293-8,Rikki Hewitt,55
96260856-6,Mateusz Sharma,43
36044904-1,Miyah Trevino,26
49359132-0,Anabel Montgomery,23
35662780-6,Neve Carter,23
16008678-5,Rivka Finley,60
98683815-5,Sidrah Mclellan,23
13572944-2,Logan Kramer,58
63824003-3,Santiago Robles,57
35066595-1,Diya Hansen,51
88730119-0,Tasha Nicholson,58
10206801-7,Amari Field,42
17723136-3,Ivie Stark,30
28485302-4,Faraz Chapman,60
56064569-4,Dean Schneider,45
70735043-1,Mariyah Spooner,41
69140468-4,Cosmo Bush,56
69402733-4,Kerys Joseph,20
42226798-0,Gilbert Vang,57
87813399-4,Aubree Ridley,58
10517073-4,Chay Sutherland,22
11644968-4,Coen Pena,25
43922451-7,Patrik Rollins,45
83584289-4,Derry Garcia,55
62550748-0,Sade Keller,60
33456182-8,Don Sadler,42
59332921-6,Elaina Dillon,56
97004364-0,Lamar Bailey,49
63884576-8,Antonio Chan,39
24129722-5,Spike Kim,40
87734759-1,Malcolm Mair,47
32366948-1,Orla Mcclure,54
16239796-6,Owen Drummond,56
35820841-k,Margot Blevins,28
47865441-3,Antonina Guzman,57
31092780-5,Aalia Higgs,46
14920531-4,Ceara Santana,57
98642893-3,Leoni Smyth,39
66361406-1,Samuel Wilkerson,54
69373271-9,Joshua Vo,23
56790702-3,Meerab Short,50
62785039-5,Darsh Bloom,45
49337371-4,Eryk Greene,39
75806614-2,Sue Iles,28
88198898-4,Madihah Haas,41
87861767-3,Jacob Beech,19
97343582-5,Philip Turnbull,30
14046488-0,Musab Ayala,19
85411178-7,Waqas Buchanan,29
89321752-5,Corrie Hinton,51
33481996-5,Joseph Broughton,21
94888169-1,Dolcie Handley,46
85973291-7,Mina Hebert,54
55776079-2,Ariya Travis,49
29646441-4,Tyla Mcneil,50
95598580-k,Ed Sierra,33
27712443-2,Willie Greig,23
86646016-7,Elsie-May Chadwick,42
66625711-1,Balraj Davidson,26
17509928-k,Mehdi Whitaker,33
45125749-8,Zayan Solomon,41
19735595-6,Sneha Joseph,58
74644456-7,Rhyley Justice,34
59517619-0,Romana Woodley,26
19844189-9,Keegan Stevens,53
37500745-2,Mohammad Frame,39
78463527-9,Rafi Joyce,35
56535213-k,Mahi Ross,34
27844046-k,Loretta Mcconnell,18
56292778-6,Akash Riley,36
78059417-9,Tonya Charles,39
16775393-0,Saima Ferry,56
47666047-5,Deanna Wilder,29
38563658-k,Cruz Winter,40
52703981-9,Kareena Salter,46
99294258-4,Nabil Ruiz,50
94688326-3,Aydin Berger,56
25070905-6,Ariya Mora,18
20640357-8,Nicolas Zuniga,50
94384917-k,Archie Rutledge,52
33078552-7,Neil Miller,19
87544765-3,Margaux Battle,46
57189229-4,Humaira Yoder,35
67913619-4,Jacob Gilmore,39
48776848-0,Dante Buckner,52
23711490-6,Tatiana Williams,49
58154631-9,Desiree Webber,33
43129309-9,Zidan Mcguire,19
42655208-6,Eoin Sutherland,35
54076655-k,Rex Mckenzie,30
49255740-4,Emmanuella Prosser,45
92365268-k,Haidar Frank,50
35661237-k,Amiya Craft,36
62420431-k,Momina Read,37
53089483-5,Moesha Mclean,42
45467235-6,Kailum Parry,21
41361801-0,Jana Sutton,48
96964691-9,Elliott Robbins,41
11750224-4,Diesel Hunt,33
95855049-9,Nadir Redman,57
75039658-5,Taine Calvert,60
55106753-k,Courtnie Duffy,35
79480331-5,Grover Vaughn,36
97657967-4,Mahir Nunez,46
58307021-4,Shaunie Naylor,49
59170372-2,Sylvia Melendez,47
76591179-6,Charlton Bridges,22
63214394-k,Paulina Milner,55
37492390-0,Samera Macleod,44
61262323-6,Aariz Berry,48
64903395-1,Jimmy Pratt,43
36552322-3,Fleur Sheppard,50
84078768-0,Elisha Mitchell,39
20909860-1,Milosz Wicks,44
51853396-7,Alina Payne,41
17474518-8,Hiba Hough,33
77983700-9,Isaac Halliday,26
82809947-7,Jordon Hester,44
91790173-2,Jeremy Dunn,18
63532763-4,Beulah Rodriguez,41
52157315-5,Yuvraj Doyle,21
16222268-6,Kade Garrett,41
94432090-3,Anjali Rojas,42
94821886-0,Asha Mckee,38
18446690-2,Nimrah Skinner,30
62014673-0,Brayden Grey,52
38287473-0,Bayley Melia,34
66183219-3,Zaynah Kennedy,29
22060310-5,Nikki Pearson,27
91888069-0,Emme Marriott,58
30760014-5,Nelly Butler,26
57836259-2,Malcolm Plant,20
97102977-3,Martyn Parra,38
61993529-2,Bronwyn Orozco,43
98708700-5,Riaan Mays,48
64370666-0,Lori Galvan,50
55705480-4,Akeel Espinosa,32
80611905-9,Jaeden Bravo,42
49974632-6,Naseem Schmitt,40
69141385-3,Isabel Vance,49
98417733-k,Lucy Sutherland,25
45504619-k,Jules Wainwright,40
85682952-9,Usman Church,59
37200573-4,Toby Mcarthur,18
57289805-9,Terence Goff,47
48345899-1,Walter Dickinson,18
33670116-3,Jem Bailey,47
97996738-1,Tanisha Weston,32
62778278-0,Tanvir Cortes,20
12348490-8,Theresa Robson,21
61554580-5,Celia Durham,55
68505645-3,Antoinette Schmidt,32
84569598-9,Tyreece Carter,40
38204359-6,Digby Glover,52
49993665-6,Harriett Ayers,27
75016224-k,Zayne David,18
82645956-5,Amos Santiago,60
63951440-4,Tj Romero,58
47326835-3,Maci Barrett,22
83290634-4,Arnav Franklin,30
77796005-9,Benjamin Shaw,34
97901764-2,Huey Leonard,32
28752611-3,Davey Gunn,39
65227086-7,Jordan-Lee Norman,50
39567466-8,Aizah Castro,44
74759859-2,Skyla Dorsey,42
47287276-1,Laurie Kelley,48
68428477-0,Princess Sharp,35
50109588-5,Saif Bostock,39
59919311-1,Danica Fletcher,59
59885368-1,Adrianna Khan,37
49891081-5,Nasir Willis,53
77520112-6,Presley Dunkley,31
25572424-k,David Hubbard,30
60370162-3,Martha Hulme,27
52176953-k,Kasim Curry,35
58155861-9,Franco Johnston,18
48060937-9,Imani Decker,35
82673938-k,Akeel Peacock,55
87442136-7,Tess Marshall,41
91223172-0,Manraj Pope,56
89336201-0,Abbas Emerson,34
91119340-k,Tamara Flynn,35
78599189-3,Dominik Butt,53
83296811-0,Aysha Bone,37
50062649-6,Kornelia Drummond,46
97781705-6,Hilary Mair,28
40675138-4,Melvin Perez,34
72939187-5,Josh Small,57
64221026-2,Brianna Leigh,44
51693674-6,Khadija Wells,51
49798131-k,Kabir Melendez,34
73075290-3,Jae Ali,23
96392316-3,Lylah Mcguire,57
36081017-8,Ewen Little,49
79725605-6,Aamina Bean,60
75346943-5,Persephone Manning,51
35668656-k,Elowen Gillespie,28
74630833-7,Kianna Flowers,52
95437335-5,Ivo Patton,24
